{
  "Normal": [
    -0.3230814978080899,
    0.30384190895360275,
    0.04709961066714462,
    -0.4350348440912152
  ],
  "Grass": [
    1.0219969181284838,
    0.16858532373952628,
    -1.1594668448590963,
    -0.36809267563036807
  ],
  "Fire": [
    -0.4709056147674188,
    0.3268739636482241,
    1.4555379308479974,
    0.9569823340651662
  ],
  "Water": [
    1.2399806709291787,
    -0.4587832043073758,
    -0.15383988303026952,
    -0.18182339601012912
  ],
  "Electric": [
    -0.0790138705021748,
    -0.5750107707061434,
    0.6409590876207537,
    -0.5884258130660498
  ],
  "Ice": [
    -1.096334417913066,
    0.17948298518229955,
    -0.9849478275720432,
    0.025395604368055907
  ],
  "Fighting": [
    1.6359933743729032,
    1.863610403989454,
    0.6354546461295173,
    0.02725796649653575
  ],
  "Poison": [
    -1.1947831965213274,
    0.4101414361781563,
    0.1644401676712017,
    -0.4997318652293075
  ],
  "Ground": [
    2.219458858406335,
    -0.5877569991545347,
    0.1244609406044796,
    0.19070126607548246
  ],
  "Flying": [
    -1.2748378066070964,
    0.02118588945369987,
    0.29857838020849264,
    -0.23524719469410812
  ],
  "Psychic": [
    -0.08387008609383126,
    -0.9567002759073916,
    -0.054597805320801544,
    -1.1046606860331498
  ],
  "Bug": [
    -0.49624468503415486,
    1.1617935523981924,
    -0.4778817022385023,
    1.14559729232449
  ],
  "Rock": [
    -0.402867396690239,
    -0.56545122109363,
    1.3472400524148451,
    -0.15978803327581936
  ],
  "Ghost": [
    -0.18718775659970346,
    -1.328470332610545,
    -0.4124959952484843,
    0.8830957340309031
  ],
  "Dragon": [
    -0.18715987393770825,
    0.0011346556448645878,
    -0.6092201481464817,
    0.11883868457529342
  ],
  "Dark": [
    0.02197849123463188,
    -1.025226410355962,
    -0.3073664235780559,
    1.1224551657327042
  ],
  "Steel": [
    0.1576871103647173,
    0.2224854421325868,
    0.2241202144851929,
    -0.5267499689253984
  ],
  "Fairy": [
    -0.5008092209614399,
    0.8382636528149742,
    -0.7780744006558897,
    -0.3707695707130874
  ]
}